[
			{
			"img":"https:\/\/img11.360buyimg.com\/n7\/jfs\/t22309\/154\/1962124876\/106102\/6611cb8\/5b3f1b3aNf7439c60.jpg",
			"name":"【千玺代言】华为新品  HUAWEI nova 3全面屏高清四摄游戏手机6GB+128GB 星耀版·樱草金 全网通双卡双待",
			"price":2399.88,
			"goodsID":"001"
			},
			{
				"img":"https://img10.360buyimg.com/n7/jfs/t8929/149/2405378839/254338/66dd143d/59cda962N323b5446.jpg!q90",
				"name":"华为 HUAWEI nova 青春版 4GB+64GB 珍珠白 移动联通电信4G手机 双卡双待",
				"price":"2399.00",
				"goodsID":"002"
			},
			{
				"img":"https://img11.360buyimg.com/n7/jfs/t22309/154/1962124876/106102/6611cb8/5b3f1b3aNf7439c60.jpg",
				"name":"【千玺代言】华为新品  HUAWEI nova 3全面屏高清四摄游戏手机6GB+128GB 星耀版·樱草金 全网通双卡双待",
				"price":"2399.00",
				"goodsID":"003"
			},
			{
				"img":"https://img13.360buyimg.com/n7/jfs/t17020/201/944739311/43673/1c838228/5ab25955Ned1a1c02.jpg!q90",
				"name":"华为 HUAWEI nova 3e 全面屏2400万前置摄像 4GB +64GB 幻夜黑 全网通版移动联通电信4G手机 双卡双待",
				"price":"2399.00",
				"goodsID":"004"
			},
			{
				"img":"https://img13.360buyimg.com/n7/jfs/t17020/201/944739311/43673/1c838228/5ab25955Ned1a1c02.jpg!q90",
				"name":"【千玺代言】华为新品  HUAWEI nova 3全面屏高清四摄游戏手机6GB+128GB 星耀版·樱草金 全网通双卡双待",
				"price":"2399.00",
				"goodsID":"005"
			},
			{
				"img":"https://img11.360buyimg.com/n7/jfs/t18052/318/2334327001/256076/23da5f45/5af13917Naca6cb3d.jpg!q90",
				"name":"【千玺代言】华为新品  HUAWEI nova 3全面屏高清四摄游戏手机6GB+128GB 星耀版·樱草金 全网通双卡双待",
				"price":"2399.00",
				"goodsID":"006"
			},
			{
				"img":"https://img11.360buyimg.com/n7/jfs/t22309/154/1962124876/106102/6611cb8/5b3f1b3aNf7439c60.jpg",
				"name":"【千玺代言】华为新品  HUAWEI nova 3全面屏高清四摄游戏手机6GB+128GB 星耀版·樱草金 全网通双卡双待",
				"price":"2399.00",
				"goodsID":"007"
			},
			{
				"img":"https://img13.360buyimg.com/n7/jfs/t7954/295/2739318795/324650/5eb51634/59dc6704N7c82222c.jpg!q90",
				"name":"【千玺代言】华为新品  HUAWEI nova 3全面屏高清四摄游戏手机6GB+128GB 星耀版·樱草金 全网通双卡双待",
				"price":"2399.00",
				"goodsID":"008"
			},
			{
				"img":"https://img13.360buyimg.com/n7/jfs/t7954/295/2739318795/324650/5eb51634/59dc6704N7c82222c.jpg!q90",
				"name":"【千玺代言】华为新品  HUAWEI nova 3全面屏高清四摄游戏手机6GB+128GB 星耀版·樱草金 全网通双卡双待",
				"price":"2399.00",
				"goodsID":"009"
			},
			{
				"img":"https://img13.360buyimg.com/n7/jfs/t7954/295/2739318795/324650/5eb51634/59dc6704N7c82222c.jpg!q90",
				"name":"【千玺代言】华为新品  HUAWEI nova 3全面屏高清四摄游戏手机6GB+128GB 星耀版·樱草金 全网通双卡双待",
				"price":"2399.00",
				"goodsID":"010"
			},
			{
				"img":"https://img13.360buyimg.com/n7/jfs/t7954/295/2739318795/324650/5eb51634/59dc6704N7c82222c.jpg!q90",
				"name":"【千玺代言】华为新品  HUAWEI nova 3全面屏高清四摄游戏手机6GB+128GB 星耀版·樱草金 全网通双卡双待",
				"price":"2399.00",
				"goodsID":"011"
			},
			{
				"img":"https://img13.360buyimg.com/n7/jfs/t7954/295/2739318795/324650/5eb51634/59dc6704N7c82222c.jpg!q90",
				"name":"【千玺代言】华为新品  HUAWEI nova 3全面屏高清四摄游戏手机6GB+128GB 星耀版·樱草金 全网通双卡双待",
				"price":"2399.00",
				"goodsID":"012"
			}
]
